[{"model": "contenttypes.contenttype", "pk": 1, "fields": {"app_label": "auth", "model": "permission"}}, {"model": "contenttypes.contenttype", "pk": 2, "fields": {"app_label": "auth", "model": "group"}}, {"model": "contenttypes.contenttype", "pk": 3, "fields": {"app_label": "auth", "model": "user"}}, {"model": "contenttypes.contenttype", "pk": 4, "fields": {"app_label": "contenttypes", "model": "contenttype"}}, {"model": "contenttypes.contenttype", "pk": 5, "fields": {"app_label": "redirects", "model": "redirect"}}, {"model": "contenttypes.contenttype", "pk": 6, "fields": {"app_label": "sessions", "model": "session"}}, {"model": "contenttypes.contenttype", "pk": 7, "fields": {"app_label": "sites", "model": "site"}}, {"model": "contenttypes.contenttype", "pk": 8, "fields": {"app_label": "conf", "model": "setting"}}, {"model": "contenttypes.contenttype", "pk": 9, "fields": {"app_label": "core", "model": "sitepermission"}}, {"model": "contenttypes.contenttype", "pk": 10, "fields": {"app_label": "generic", "model": "threadedcomment"}}, {"model": "contenttypes.contenttype", "pk": 11, "fields": {"app_label": "generic", "model": "keyword"}}, {"model": "contenttypes.contenttype", "pk": 12, "fields": {"app_label": "generic", "model": "assignedkeyword"}}, {"model": "contenttypes.contenttype", "pk": 13, "fields": {"app_label": "generic", "model": "rating"}}, {"model": "contenttypes.contenttype", "pk": 14, "fields": {"app_label": "pages", "model": "page"}}, {"model": "contenttypes.contenttype", "pk": 15, "fields": {"app_label": "pages", "model": "richtextpage"}}, {"model": "contenttypes.contenttype", "pk": 16, "fields": {"app_label": "pages", "model": "link"}}, {"model": "contenttypes.contenttype", "pk": 17, "fields": {"app_label": "shop", "model": "product"}}, {"model": "contenttypes.contenttype", "pk": 18, "fields": {"app_label": "shop", "model": "productimage"}}, {"model": "contenttypes.contenttype", "pk": 19, "fields": {"app_label": "shop", "model": "productoption"}}, {"model": "contenttypes.contenttype", "pk": 20, "fields": {"app_label": "shop", "model": "productvariation"}}, {"model": "contenttypes.contenttype", "pk": 21, "fields": {"app_label": "shop", "model": "category"}}, {"model": "contenttypes.contenttype", "pk": 22, "fields": {"app_label": "shop", "model": "order"}}, {"model": "contenttypes.contenttype", "pk": 23, "fields": {"app_label": "shop", "model": "cart"}}, {"model": "contenttypes.contenttype", "pk": 24, "fields": {"app_label": "shop", "model": "cartitem"}}, {"model": "contenttypes.contenttype", "pk": 25, "fields": {"app_label": "shop", "model": "orderitem"}}, {"model": "contenttypes.contenttype", "pk": 26, "fields": {"app_label": "shop", "model": "productaction"}}, {"model": "contenttypes.contenttype", "pk": 27, "fields": {"app_label": "shop", "model": "sale"}}, {"model": "contenttypes.contenttype", "pk": 28, "fields": {"app_label": "shop", "model": "discountcode"}}, {"model": "contenttypes.contenttype", "pk": 29, "fields": {"app_label": "blog", "model": "blogpost"}}, {"model": "contenttypes.contenttype", "pk": 30, "fields": {"app_label": "blog", "model": "blogcategory"}}, {"model": "contenttypes.contenttype", "pk": 31, "fields": {"app_label": "forms", "model": "form"}}, {"model": "contenttypes.contenttype", "pk": 32, "fields": {"app_label": "forms", "model": "field"}}, {"model": "contenttypes.contenttype", "pk": 33, "fields": {"app_label": "forms", "model": "formentry"}}, {"model": "contenttypes.contenttype", "pk": 34, "fields": {"app_label": "forms", "model": "fieldentry"}}, {"model": "contenttypes.contenttype", "pk": 35, "fields": {"app_label": "galleries", "model": "gallery"}}, {"model": "contenttypes.contenttype", "pk": 36, "fields": {"app_label": "galleries", "model": "galleryimage"}}, {"model": "contenttypes.contenttype", "pk": 37, "fields": {"app_label": "twitter", "model": "query"}}, {"model": "contenttypes.contenttype", "pk": 38, "fields": {"app_label": "twitter", "model": "tweet"}}, {"model": "contenttypes.contenttype", "pk": 39, "fields": {"app_label": "admin", "model": "logentry"}}, {"model": "contenttypes.contenttype", "pk": 40, "fields": {"app_label": "django_comments", "model": "comment"}}, {"model": "contenttypes.contenttype", "pk": 41, "fields": {"app_label": "django_comments", "model": "commentflag"}}, {"model": "contenttypes.contenttype", "pk": 42, "fields": {"app_label": "tailors", "model": "tailor"}}, {"model": "contenttypes.contenttype", "pk": 44, "fields": {"app_label": "tailors", "model": "inventory"}}, {"model": "contenttypes.contenttype", "pk": 45, "fields": {"app_label": "fabrics", "model": "fabric"}}, {"model": "contenttypes.contenttype", "pk": 47, "fields": {"app_label": "shop_extras", "model": "customproduct"}}, {"model": "sessions.session", "pk": "0iarc2dxtz450g4iq75p238e4ypwozec", "fields": {"session_data": "Mjg2NjFmNThlYjI5MTc0YTZmZWI1NDA1Njk2ZGUxMWYxNjBkN2E4ODp7Il9hdXRoX3VzZXJfaGFzaCI6IjU2MWY3YTgxNDQ3MjcwOGJjZmYzMGNiN2MxYTQyYTlmZTYyZDhlNjAiLCJfYXV0aF91c2VyX2JhY2tlbmQiOiJtZXp6YW5pbmUuY29yZS5hdXRoX2JhY2tlbmRzLk1lenphbmluZUJhY2tlbmQiLCJfYXV0aF91c2VyX2lkIjoiMyJ9", "expire_date": "2016-06-15T17:39:04.661Z"}}, {"model": "sessions.session", "pk": "18o85utgodfv8ga4w6g9r6iq759gdpjk", "fields": {"session_data": "OTk4ZjRmYzJmMTUwY2UzNWZhMTU5MDUyMDMxODBlNTUwNzFlYjc3ZTp7InRheF90b3RhbCI6IjAiLCJfYXV0aF91c2VyX2lkIjoiMiIsInRheF90eXBlIjoiVGF4Iiwic2hpcHBpbmdfdG90YWwiOiIxMC4wIiwiX2F1dGhfdXNlcl9iYWNrZW5kIjoibWV6emFuaW5lLmNvcmUuYXV0aF9iYWNrZW5kcy5NZXp6YW5pbmVCYWNrZW5kIiwiY2FydCI6Miwic2hpcHBpbmdfdHlwZSI6IkZsYXQgcmF0ZSBzaGlwcGluZyIsIl9hdXRoX3VzZXJfaGFzaCI6ImRjM2E0ZmY1MjRjZTNlNzFkZDNlMTdlNjZmMDdhNDkyOTM3NzI4NzgiLCJvcmRlciI6eyJiaWxsaW5nX2RldGFpbF9wb3N0Y29kZSI6IjgwNDAxIiwiY2FyZF9uYW1lIjoiIiwicmVtZW1iZXIiOnRydWUsInNoaXBwaW5nX2RldGFpbF9jb3VudHJ5IjoiQW1lcmljYSIsImFkZGl0aW9uYWxfaW5zdHJ1Y3Rpb25zIjoiIiwiYmlsbGluZ19kZXRhaWxfY2l0eSI6IkdvbGRlbiIsInNoaXBwaW5nX2RldGFpbF9zdGF0ZSI6IkNPIiwiYmlsbGluZ19kZXRhaWxfY291bnRyeSI6IkFtZXJpY2EiLCJiaWxsaW5nX2RldGFpbF9zdGF0ZSI6IkNPIiwic2hpcHBpbmdfZGV0YWlsX3Bob25lIjoiNTEwMjgyMjIyMCIsInNoaXBwaW5nX2RldGFpbF9jaXR5IjoiR29sZGVuIiwic2hpcHBpbmdfZGV0YWlsX3Bvc3Rjb2RlIjoiODA0MDEiLCJiaWxsaW5nX2RldGFpbF9waG9uZSI6IjUxMDI4MjIyMjAiLCJiaWxsaW5nX2RldGFpbF9maXJzdF9uYW1lIjoiTWluaCIsInNoaXBwaW5nX2RldGFpbF9zdHJlZXQiOiIxODEzIDE5U3QiLCJzaGlwcGluZ19kZXRhaWxfbGFzdF9uYW1lIjoiVnUiLCJiaWxsaW5nX2RldGFpbF9zdHJlZXQiOiIxODEzIDE5U3QiLCJzaGlwcGluZ19kZXRhaWxfZmlyc3RfbmFtZSI6Ik1pbmgiLCJzdGVwIjoyLCJjYXJkX3R5cGUiOiIiLCJiaWxsaW5nX2RldGFpbF9sYXN0X25hbWUiOiJWdSIsImRpc2NvdW50X2NvZGUiOiIiLCJiaWxsaW5nX2RldGFpbF9lbWFpbCI6Im1pbmh0dnVAbXltYWlsLm1pbmVzLmVkdSIsInNhbWVfYmlsbGluZ19zaGlwcGluZyI6dHJ1ZX19", "expire_date": "2016-06-16T17:26:27.263Z"}}, {"model": "sessions.session", "pk": "1uv9j1iyjj1ro3yqckjuc7nkcdvzqz05", "fields": {"session_data": "Nzg1OTQyYmRhM2UyYjNmNGNkYWExNWZmNjBkNzhiNDA5Y2UyMmE1OTp7Il9hdXRoX3VzZXJfaGFzaCI6ImRjM2E0ZmY1MjRjZTNlNzFkZDNlMTdlNjZmMDdhNDkyOTM3NzI4NzgiLCJfYXV0aF91c2VyX2JhY2tlbmQiOiJtZXp6YW5pbmUuY29yZS5hdXRoX2JhY2tlbmRzLk1lenphbmluZUJhY2tlbmQiLCJfYXV0aF91c2VyX2lkIjoiMiJ9", "expire_date": "2016-06-15T19:45:29.821Z"}}, {"model": "sessions.session", "pk": "64tid48d4tqs7sazhgke4977u6haeors", "fields": {"session_data": "Nzg1OTQyYmRhM2UyYjNmNGNkYWExNWZmNjBkNzhiNDA5Y2UyMmE1OTp7Il9hdXRoX3VzZXJfaGFzaCI6ImRjM2E0ZmY1MjRjZTNlNzFkZDNlMTdlNjZmMDdhNDkyOTM3NzI4NzgiLCJfYXV0aF91c2VyX2JhY2tlbmQiOiJtZXp6YW5pbmUuY29yZS5hdXRoX2JhY2tlbmRzLk1lenphbmluZUJhY2tlbmQiLCJfYXV0aF91c2VyX2lkIjoiMiJ9", "expire_date": "2016-06-20T17:21:48.164Z"}}, {"model": "sessions.session", "pk": "aq8plz2qzd4vwft5wu7yf8fzp2985wng", "fields": {"session_data": "Nzg1OTQyYmRhM2UyYjNmNGNkYWExNWZmNjBkNzhiNDA5Y2UyMmE1OTp7Il9hdXRoX3VzZXJfaGFzaCI6ImRjM2E0ZmY1MjRjZTNlNzFkZDNlMTdlNjZmMDdhNDkyOTM3NzI4NzgiLCJfYXV0aF91c2VyX2JhY2tlbmQiOiJtZXp6YW5pbmUuY29yZS5hdXRoX2JhY2tlbmRzLk1lenphbmluZUJhY2tlbmQiLCJfYXV0aF91c2VyX2lkIjoiMiJ9", "expire_date": "2016-06-16T17:46:40.304Z"}}, {"model": "sessions.session", "pk": "blf5qu2juyhx72y4poya7spurra8vv83", "fields": {"session_data": "ODk5Y2EyYWNlZGY1MDgxYzJlY2IxNjEzZWFiOGEwMGIwMDE5NWNhODp7Il9hdXRoX3VzZXJfaGFzaCI6ImNjOTBkZTdmN2JhYTE1ZGQxMmNmNjZiYmU4NThkNmQ1MmQ3MTM0NTUiLCJfYXV0aF91c2VyX2JhY2tlbmQiOiJtZXp6YW5pbmUuY29yZS5hdXRoX2JhY2tlbmRzLk1lenphbmluZUJhY2tlbmQiLCJfYXV0aF91c2VyX2lkIjoiNCJ9", "expire_date": "2016-06-17T01:02:29.728Z"}}, {"model": "sessions.session", "pk": "l0arj7vz7bw5j1phcswz5hrkjgvqgqmy", "fields": {"session_data": "ODk5Y2EyYWNlZGY1MDgxYzJlY2IxNjEzZWFiOGEwMGIwMDE5NWNhODp7Il9hdXRoX3VzZXJfaGFzaCI6ImNjOTBkZTdmN2JhYTE1ZGQxMmNmNjZiYmU4NThkNmQ1MmQ3MTM0NTUiLCJfYXV0aF91c2VyX2JhY2tlbmQiOiJtZXp6YW5pbmUuY29yZS5hdXRoX2JhY2tlbmRzLk1lenphbmluZUJhY2tlbmQiLCJfYXV0aF91c2VyX2lkIjoiNCJ9", "expire_date": "2016-06-17T00:45:58.929Z"}}, {"model": "sessions.session", "pk": "p4qntuh65oqsjani1e0hdci4nx03yixi", "fields": {"session_data": "MTI1MTgwZDZhMjdhNDRmOTI4NTFmOGQwMTA5ZjliMzhjNDRmYjk3Yjp7ImNhcnQiOjEsIl9hdXRoX3VzZXJfaGFzaCI6ImRjM2E0ZmY1MjRjZTNlNzFkZDNlMTdlNjZmMDdhNDkyOTM3NzI4NzgiLCJfYXV0aF91c2VyX2lkIjoiMiIsIl9hdXRoX3VzZXJfYmFja2VuZCI6Im1lenphbmluZS5jb3JlLmF1dGhfYmFja2VuZHMuTWV6emFuaW5lQmFja2VuZCJ9", "expire_date": "2016-06-16T03:20:13.187Z"}}, {"model": "sessions.session", "pk": "uhsxaretyl33kjput1yzme8v4xejpbfs", "fields": {"session_data": "Mjg2NjFmNThlYjI5MTc0YTZmZWI1NDA1Njk2ZGUxMWYxNjBkN2E4ODp7Il9hdXRoX3VzZXJfaGFzaCI6IjU2MWY3YTgxNDQ3MjcwOGJjZmYzMGNiN2MxYTQyYTlmZTYyZDhlNjAiLCJfYXV0aF91c2VyX2JhY2tlbmQiOiJtZXp6YW5pbmUuY29yZS5hdXRoX2JhY2tlbmRzLk1lenphbmluZUJhY2tlbmQiLCJfYXV0aF91c2VyX2lkIjoiMyJ9", "expire_date": "2016-06-15T16:44:10.496Z"}}, {"model": "sessions.session", "pk": "wfl4l0aqrr2o7vzxzzw71eja1ng9nlob", "fields": {"session_data": "ODk5Y2EyYWNlZGY1MDgxYzJlY2IxNjEzZWFiOGEwMGIwMDE5NWNhODp7Il9hdXRoX3VzZXJfaGFzaCI6ImNjOTBkZTdmN2JhYTE1ZGQxMmNmNjZiYmU4NThkNmQ1MmQ3MTM0NTUiLCJfYXV0aF91c2VyX2JhY2tlbmQiOiJtZXp6YW5pbmUuY29yZS5hdXRoX2JhY2tlbmRzLk1lenphbmluZUJhY2tlbmQiLCJfYXV0aF91c2VyX2lkIjoiNCJ9", "expire_date": "2016-06-20T18:03:40.246Z"}}, {"model": "sites.site", "pk": 1, "fields": {"domain": "127.0.0.1:8000", "name": "Default"}}, {"model": "pages.page", "pk": 2, "fields": {"keywords_string": "", "site": 1, "title": "About", "slug": "about", "_meta_title": "", "description": "About us", "gen_description": true, "created": null, "updated": "2016-06-01T18:10:31.470Z", "status": 1, "publish_date": "2016-06-01T18:10:13Z", "expiry_date": null, "short_url": null, "in_sitemap": true, "_order": 0, "parent": null, "in_menus": "2,3", "titles": "About", "content_model": "richtextpage", "login_required": false}}, {"model": "pages.page", "pk": 4, "fields": {"keywords_string": "", "site": 1, "title": "Team", "slug": "about/team", "_meta_title": null, "description": "Team", "gen_description": true, "created": null, "updated": null, "status": 2, "publish_date": null, "expiry_date": null, "short_url": null, "in_sitemap": true, "_order": 0, "parent": 2, "in_menus": "1,2,3", "titles": "About / Team", "content_model": "richtextpage", "login_required": false}}, {"model": "pages.page", "pk": 5, "fields": {"keywords_string": "", "site": 1, "title": "History", "slug": "about/history", "_meta_title": null, "description": "History", "gen_description": true, "created": null, "updated": null, "status": 2, "publish_date": null, "expiry_date": null, "short_url": null, "in_sitemap": true, "_order": 1, "parent": 2, "in_menus": "1,2,3", "titles": "About / History", "content_model": "richtextpage", "login_required": false}}, {"model": "pages.page", "pk": 7, "fields": {"keywords_string": "", "site": 1, "title": "SUIT UP!", "slug": "shop", "_meta_title": "", "description": "Shop", "gen_description": true, "created": null, "updated": "2016-06-01T17:44:56.356Z", "status": 2, "publish_date": "2016-06-01T17:44:56.355Z", "expiry_date": null, "short_url": null, "in_sitemap": true, "_order": 1, "parent": null, "in_menus": "1,2,3", "titles": "SUIT UP!", "content_model": "category", "login_required": false}}, {"model": "pages.page", "pk": 9, "fields": {"keywords_string": "", "site": 1, "title": "TAILORS", "slug": "tailors", "_meta_title": "", "description": "Meet Our Tailors", "gen_description": true, "created": "2016-06-01T17:43:25.561Z", "updated": "2016-06-01T17:43:25.561Z", "status": 2, "publish_date": "2016-06-01T11:43:06Z", "expiry_date": null, "short_url": null, "in_sitemap": true, "_order": 2, "parent": null, "in_menus": "1,2,3", "titles": "TAILORS", "content_model": "richtextpage", "login_required": false}}, {"model": "pages.page", "pk": 11, "fields": {"keywords_string": "", "site": 1, "title": "BLACK TIE", "slug": "shop/black-tie", "_meta_title": "", "description": "BLACK TIE", "gen_description": true, "created": "2016-06-01T17:53:35.845Z", "updated": "2016-06-01T17:53:35.849Z", "status": 2, "publish_date": "2016-06-01T11:53:31Z", "expiry_date": null, "short_url": null, "in_sitemap": true, "_order": 1, "parent": 7, "in_menus": "1,2,3", "titles": "SUIT UP! / BLACK TIE", "content_model": "category", "login_required": false}}, {"model": "pages.page", "pk": 12, "fields": {"keywords_string": "", "site": 1, "title": "SHIRTS", "slug": "shop/shirts", "_meta_title": "", "description": "SHIRTS", "gen_description": true, "created": "2016-06-01T17:54:37.275Z", "updated": "2016-06-01T17:54:37.281Z", "status": 2, "publish_date": "2016-06-01T17:54:37.273Z", "expiry_date": null, "short_url": null, "in_sitemap": true, "_order": 2, "parent": 7, "in_menus": "1,2,3", "titles": "SUIT UP! / SHIRTS", "content_model": "category", "login_required": false}}, {"model": "pages.page", "pk": 13, "fields": {"keywords_string": "", "site": 1, "title": "UPLOAD SUIT IMAGE", "slug": "shop/upload-suit-image", "_meta_title": "", "description": "Send us a picture of any suit you want recreated. AirBespoke will send it to the tailor best 'suited' for the job.", "gen_description": true, "created": "2016-06-01T17:58:29.087Z", "updated": "2016-06-01T17:58:29.093Z", "status": 2, "publish_date": "2016-06-01T11:57:26Z", "expiry_date": null, "short_url": null, "in_sitemap": true, "_order": 3, "parent": 7, "in_menus": "1,2,3", "titles": "SUIT UP! / UPLOAD SUIT IMAGE", "content_model": "form", "login_required": false}}, {"model": "pages.page", "pk": 14, "fields": {"keywords_string": "", "site": 1, "title": "SIZING", "slug": "http://media.wix.com/ugd/017ff4_3a4bca0757354c589cb580f09fc8374e.pdf", "_meta_title": null, "description": "SUIT UP", "gen_description": true, "created": "2016-06-01T17:59:32.553Z", "updated": "2016-06-01T17:59:32.558Z", "status": 2, "publish_date": "2016-06-01T11:59:30Z", "expiry_date": null, "short_url": null, "in_sitemap": false, "_order": 4, "parent": 7, "in_menus": "1,2,3", "titles": "SUIT UP! / SIZING", "content_model": "link", "login_required": false}}, {"model": "pages.page", "pk": 15, "fields": {"keywords_string": "", "site": 1, "title": "STYLE", "slug": "style", "_meta_title": "", "description": "Fortune Favors the Bold.", "gen_description": true, "created": "2016-06-01T18:11:00.707Z", "updated": "2016-06-01T18:11:00.707Z", "status": 2, "publish_date": "2016-06-01T12:10:47Z", "expiry_date": null, "short_url": null, "in_sitemap": true, "_order": 3, "parent": null, "in_menus": "1,2,3", "titles": "STYLE", "content_model": "gallery", "login_required": false}}, {"model": "pages.page", "pk": 16, "fields": {"keywords_string": "", "site": 1, "title": "Partner With Us!", "slug": "tailors/partner-with-us", "_meta_title": "", "description": "Partner with Us!", "gen_description": true, "created": "2016-06-01T18:14:21.289Z", "updated": "2016-06-01T18:14:21.295Z", "status": 2, "publish_date": "2016-06-01T12:14:19Z", "expiry_date": null, "short_url": null, "in_sitemap": true, "_order": 0, "parent": 9, "in_menus": "1,2,3", "titles": "TAILORS / Partner With Us!", "content_model": "form", "login_required": false}}, {"model": "pages.page", "pk": 17, "fields": {"keywords_string": "", "site": 1, "title": "CLASSIC SUIT", "slug": "shop/classic-suit", "_meta_title": "", "description": "CLASSIC SUIT", "gen_description": true, "created": "2016-06-02T01:56:53.052Z", "updated": "2016-06-02T03:14:37.597Z", "status": 2, "publish_date": "2016-06-02T01:56:52Z", "expiry_date": null, "short_url": null, "in_sitemap": true, "_order": 0, "parent": 7, "in_menus": "1,2,3", "titles": "SUIT UP! / CLASSIC SUIT", "content_model": "category", "login_required": false}}, {"model": "pages.richtextpage", "pk": 2, "fields": {"content": "<p>About us</p>"}}, {"model": "pages.richtextpage", "pk": 5, "fields": {"content": "<p>History</p>"}}, {"model": "pages.richtextpage", "pk": 4, "fields": {"content": "<p>Team</p>"}}, {"model": "pages.richtextpage", "pk": 9, "fields": {"content": "<p>Meet Our Tailors</p>"}}, {"model": "pages.link", "pk": 14, "fields": {}}, {"model": "shop.product", "pk": 5, "fields": {"keywords_string": "", "rating_count": 0, "rating_sum": 0, "rating_average": 0.0, "site": 1, "title": "Le Paris", "slug": "le-paris", "_meta_title": "", "description": "Le Paris was created in homage of the style and sophistication that the city exudes every moment. This Parisian Blue double beasted suit jacket pairs incredibly well with bright contrasting hues of red and purple.", "gen_description": true, "created": "2016-06-02T03:13:56.266Z", "updated": "2016-06-02T04:31:19.144Z", "status": 2, "publish_date": "2016-06-02T03:13:56Z", "expiry_date": null, "short_url": null, "in_sitemap": true, "content": "<p class=\"content\">Le Paris was created in homage of the style and sophistication that the city exudes every moment. This Parisian Blue double beasted suit jacket pairs incredibly well with bright contrasting hues of red and purple.</p>", "unit_price": "285.00", "sale_id": null, "sale_price": null, "sale_from": "2016-06-01T21:19:50Z", "sale_to": null, "sku": "17", "num_in_stock": 10, "available": true, "image": "uploads/product/LeParis_1.jpg", "date_added": "2016-06-02T03:13:56.266Z", "categories": [17], "related_products": [11], "upsell_products": [11]}}, {"model": "shop.product", "pk": 6, "fields": {"keywords_string": "", "rating_count": 0, "rating_sum": 0, "rating_average": 0.0, "site": 1, "title": "The Classic", "slug": "the-classic", "_meta_title": "", "description": "The suit all others are compared to... Classic, Modern. Work, Night-Out; this suit fits the bill exceptionally. If you only have one suit in your quiver, make it THE CLASSIC. The inherent versatility of the two button, notched lapel design along with AirBespoke's invertable pocket flap architecture cement THE CLASSIC as the classy style for any occasion.", "gen_description": true, "created": "2016-06-02T04:05:36.960Z", "updated": "2016-06-02T04:55:26.543Z", "status": 2, "publish_date": "2016-06-02T04:05:36Z", "expiry_date": null, "short_url": null, "in_sitemap": true, "content": "<p class=\"content\">The suit all others are compared to... Classic, Modern. Work, Night-Out; this suit fits the bill exceptionally. If you only have one suit in your quiver, make it THE CLASSIC. The inherent versatility of the two button, notched lapel design along with AirBespoke's invertable pocket flap architecture cement THE CLASSIC as the classy style for any occasion.</p>", "unit_price": "195.00", "sale_id": null, "sale_price": null, "sale_from": null, "sale_to": null, "sku": "20", "num_in_stock": 10, "available": true, "image": "uploads/product/classic_1.jpg", "date_added": "2016-06-02T04:05:36.962Z", "categories": [17, 11], "related_products": [], "upsell_products": []}}, {"model": "shop.product", "pk": 7, "fields": {"keywords_string": "", "rating_count": 0, "rating_sum": 0, "rating_average": 0.0, "site": 1, "title": "Al Casablanca", "slug": "al-casablanca", "_meta_title": "", "description": "Elegance, Sophistication, Style; all come to mind in regards to Casablanca. Don't just wear our most contemporary take on modern Black Tie formal, embody it completely. THE CASABLANCA brings a certain urbane suave impossible to be matched by the local tailor or Men's Warehouse's of the world.", "gen_description": true, "created": "2016-06-02T04:23:22.444Z", "updated": "2016-06-02T04:55:35.505Z", "status": 2, "publish_date": "2016-06-02T04:23:22Z", "expiry_date": null, "short_url": null, "in_sitemap": true, "content": "<p class=\"content\">Elegance, Sophistication, Style; all come to mind in regards to Casablanca. Don't just wear our most contemporary take on modern Black Tie formal, embody it completely. THE CASABLANCA brings a certain urbane suave impossible to be matched by the local tailor or Men's Warehouse's of the world.</p>", "unit_price": "280.00", "sale_id": null, "sale_price": null, "sale_from": null, "sale_to": null, "sku": "23", "num_in_stock": null, "available": true, "image": "uploads/product/AlCasablanca_1.jpg", "date_added": "2016-06-02T04:23:22.446Z", "categories": [17, 11], "related_products": [], "upsell_products": []}}, {"model": "shop.product", "pk": 8, "fields": {"keywords_string": "", "rating_count": 0, "rating_sum": 0, "rating_average": 0.0, "site": 1, "title": "De Brussel", "slug": "de-brussel", "_meta_title": "", "description": "Power and Prestige. Few looks in the world can trump the unrestrained expression of the DE BRUSSEL. The inspiration of this one of a kind sapphire blue, Italian Cashmere suit originates from Brussels Belgium; where European Heads of State, capitalist figureheads, and global taste makers convene to transform the world daily.", "gen_description": true, "created": "2016-06-02T04:26:18.461Z", "updated": "2016-06-02T04:28:57.330Z", "status": 2, "publish_date": "2016-06-02T04:26:18Z", "expiry_date": null, "short_url": null, "in_sitemap": true, "content": "<p class=\"content\">Power and Prestige. Few looks in the world can trump the unrestrained expression of the DE BRUSSEL. The inspiration of this one of a kind sapphire blue, Italian Cashmere suit originates from Brussels Belgium; where European Heads of State, capitalist figureheads, and global taste makers convene to transform the world daily.<br><br><br></p>", "unit_price": "270.00", "sale_id": null, "sale_price": null, "sale_from": null, "sale_to": null, "sku": "26", "num_in_stock": null, "available": true, "image": "uploads/product/DeBrussel_1.jpg", "date_added": "2016-06-02T04:26:18.462Z", "categories": [17], "related_products": [], "upsell_products": []}}, {"model": "shop.product", "pk": 9, "fields": {"keywords_string": "", "rating_count": 0, "rating_sum": 0, "rating_average": 0.0, "site": 1, "title": "De Coppenhagen", "slug": "de-coppenhagen", "_meta_title": "", "description": "DE COPENHAGEN windowpane 3 piece suit.", "gen_description": true, "created": "2016-06-02T04:33:08.122Z", "updated": "2016-06-02T04:34:44.893Z", "status": 2, "publish_date": "2016-06-02T04:33:08Z", "expiry_date": null, "short_url": null, "in_sitemap": true, "content": "<p class=\"content\">DE COPENHAGEN windowpane 3 piece suit.</p>", "unit_price": "270.00", "sale_id": null, "sale_price": null, "sale_from": null, "sale_to": null, "sku": "29", "num_in_stock": null, "available": false, "image": "uploads/product/DeCoppenhagen_1.jpg", "date_added": "2016-06-02T04:33:08.123Z", "categories": [17], "related_products": [], "upsell_products": []}}, {"model": "shop.product", "pk": 10, "fields": {"keywords_string": "", "rating_count": 0, "rating_sum": 0, "rating_average": 0.0, "site": 1, "title": "Classic White", "slug": "classic-white", "_meta_title": "", "description": "AirBespoke button-down shirts are woven from soft, wrinkle-resistant 100% Italian cotton. Our Tailors cut and sew AirBespoke shirts to your exacting standards and finish them with all details you\u2019ve come to expect: a button-down collar, removable collar stays, reinforced buttons and seams, and double-button barrel cuffs. Pair this shirt with some denim and a sharp blazer to make a statement on your next date or board meeting. Don\u2019t hesitate to wear them with chinos as well--these versatile button-ups dress up with ease.", "gen_description": true, "created": "2016-06-02T04:56:56.789Z", "updated": "2016-06-02T04:57:12.906Z", "status": 2, "publish_date": "2016-06-02T04:56:56Z", "expiry_date": null, "short_url": null, "in_sitemap": true, "content": "<p class=\"content\">AirBespoke button-down shirts are woven from soft, wrinkle-resistant 100% Italian cotton. Our Tailors cut and sew AirBespoke shirts to your exacting standards and finish them with all details you\u2019ve come to expect: a button-down collar, removable collar stays, reinforced buttons and seams, and double-button barrel cuffs. Pair this shirt with some denim and a sharp blazer to make a statement on your next date or board meeting. Don\u2019t hesitate to wear them with chinos as well--these versatile button-ups dress up with ease.</p>", "unit_price": "30.00", "sale_id": null, "sale_price": null, "sale_from": null, "sale_to": null, "sku": "32", "num_in_stock": null, "available": true, "image": "uploads/product/Classic White.jpg", "date_added": "2016-06-02T04:56:56.791Z", "categories": [12], "related_products": [], "upsell_products": []}}, {"model": "shop.product", "pk": 11, "fields": {"keywords_string": "", "rating_count": 0, "rating_sum": 0, "rating_average": 0.0, "site": 1, "title": "Custom1", "slug": "custom1", "_meta_title": "Custom1", "description": "Custom1", "gen_description": true, "created": "2016-06-06T18:04:49.793Z", "updated": "2016-06-06T18:29:48.102Z", "status": 2, "publish_date": "2016-06-06T12:04:40Z", "expiry_date": "2016-06-06T12:04:41Z", "short_url": "", "in_sitemap": true, "content": "", "unit_price": null, "sale_id": 29, "sale_price": null, "sale_from": null, "sale_to": null, "sku": "", "num_in_stock": null, "available": true, "image": "", "date_added": "2016-06-06T18:04:49.793Z", "categories": [17], "related_products": [5], "upsell_products": [5]}}, {"model": "shop.productimage", "pk": 8, "fields": {"_order": 0, "file": "uploads/product/LeParis_1.jpg", "description": "", "product": 5}}, {"model": "shop.productimage", "pk": 9, "fields": {"_order": 1, "file": "uploads/product/LeParis_2.jpg", "description": "", "product": 5}}, {"model": "shop.productimage", "pk": 10, "fields": {"_order": 0, "file": "uploads/product/classic_1.jpg", "description": "", "product": 6}}, {"model": "shop.productimage", "pk": 11, "fields": {"_order": 1, "file": "uploads/product/classic_2.jpg", "description": "", "product": 6}}, {"model": "shop.productimage", "pk": 12, "fields": {"_order": 0, "file": "uploads/product/AlCasablanca_1.jpg", "description": "", "product": 7}}, {"model": "shop.productimage", "pk": 13, "fields": {"_order": 1, "file": "uploads/product/AlCasablanca_2.jpg", "description": "", "product": 7}}, {"model": "shop.productimage", "pk": 14, "fields": {"_order": 0, "file": "uploads/product/DeBrussel_1.jpg", "description": "", "product": 8}}, {"model": "shop.productimage", "pk": 15, "fields": {"_order": 1, "file": "uploads/product/DeBrussel_2.jpg", "description": "", "product": 8}}, {"model": "shop.productimage", "pk": 16, "fields": {"_order": 0, "file": "uploads/product/DeCoppenhagen_1.jpg", "description": "", "product": 9}}, {"model": "shop.productimage", "pk": 17, "fields": {"_order": 1, "file": "uploads/product/DeCoppenhagen_2.jpg", "description": "", "product": 9}}, {"model": "shop.productimage", "pk": 18, "fields": {"_order": 0, "file": "uploads/product/Classic White.jpg", "description": "", "product": 10}}, {"model": "shop.productoption", "pk": 1, "fields": {"type": 1, "name": "Small"}}, {"model": "shop.productoption", "pk": 2, "fields": {"type": 1, "name": "Medium"}}, {"model": "shop.productoption", "pk": 3, "fields": {"type": 1, "name": "Large"}}, {"model": "shop.productoption", "pk": 4, "fields": {"type": 2, "name": "Red"}}, {"model": "shop.productoption", "pk": 5, "fields": {"type": 2, "name": "Yellow"}}, {"model": "shop.productoption", "pk": 6, "fields": {"type": 2, "name": "Green"}}, {"model": "shop.productoption", "pk": 7, "fields": {"type": 2, "name": "Blue"}}, {"model": "shop.productvariation", "pk": 17, "fields": {"unit_price": "285.00", "sale_id": null, "sale_price": null, "sale_from": "2016-06-01T21:19:50Z", "sale_to": null, "sku": "17", "num_in_stock": 10, "product": 5, "default": true, "image": 8, "option1": "Small", "option2": null}}, {"model": "shop.productvariation", "pk": 18, "fields": {"unit_price": "285.00", "sale_id": null, "sale_price": null, "sale_from": "2016-06-01T21:19:50Z", "sale_to": null, "sku": "18", "num_in_stock": null, "product": 5, "default": false, "image": 8, "option1": "Medium", "option2": null}}, {"model": "shop.productvariation", "pk": 19, "fields": {"unit_price": "285.00", "sale_id": null, "sale_price": null, "sale_from": "2016-06-01T21:19:51Z", "sale_to": null, "sku": "19", "num_in_stock": null, "product": 5, "default": false, "image": 8, "option1": "Large", "option2": null}}, {"model": "shop.productvariation", "pk": 20, "fields": {"unit_price": "195.00", "sale_id": null, "sale_price": null, "sale_from": null, "sale_to": null, "sku": "20", "num_in_stock": 10, "product": 6, "default": true, "image": 10, "option1": "Small", "option2": null}}, {"model": "shop.productvariation", "pk": 21, "fields": {"unit_price": "195.00", "sale_id": null, "sale_price": null, "sale_from": null, "sale_to": null, "sku": "21", "num_in_stock": null, "product": 6, "default": false, "image": 10, "option1": "Medium", "option2": null}}, {"model": "shop.productvariation", "pk": 22, "fields": {"unit_price": "195.00", "sale_id": null, "sale_price": null, "sale_from": null, "sale_to": null, "sku": "22", "num_in_stock": null, "product": 6, "default": false, "image": 10, "option1": "Large", "option2": null}}, {"model": "shop.productvariation", "pk": 23, "fields": {"unit_price": "280.00", "sale_id": null, "sale_price": null, "sale_from": null, "sale_to": null, "sku": "23", "num_in_stock": null, "product": 7, "default": true, "image": 12, "option1": "Small", "option2": null}}, {"model": "shop.productvariation", "pk": 24, "fields": {"unit_price": "280.00", "sale_id": null, "sale_price": null, "sale_from": null, "sale_to": null, "sku": "24", "num_in_stock": null, "product": 7, "default": false, "image": 12, "option1": "Medium", "option2": null}}, {"model": "shop.productvariation", "pk": 25, "fields": {"unit_price": "280.00", "sale_id": null, "sale_price": null, "sale_from": null, "sale_to": null, "sku": "25", "num_in_stock": null, "product": 7, "default": false, "image": 12, "option1": "Large", "option2": null}}, {"model": "shop.productvariation", "pk": 26, "fields": {"unit_price": "270.00", "sale_id": null, "sale_price": null, "sale_from": null, "sale_to": null, "sku": "26", "num_in_stock": null, "product": 8, "default": true, "image": 14, "option1": "Small", "option2": null}}, {"model": "shop.productvariation", "pk": 27, "fields": {"unit_price": "270.00", "sale_id": null, "sale_price": null, "sale_from": null, "sale_to": null, "sku": "27", "num_in_stock": null, "product": 8, "default": false, "image": 14, "option1": "Medium", "option2": null}}, {"model": "shop.productvariation", "pk": 28, "fields": {"unit_price": "270.00", "sale_id": null, "sale_price": null, "sale_from": null, "sale_to": null, "sku": "28", "num_in_stock": null, "product": 8, "default": false, "image": 14, "option1": "Large", "option2": null}}, {"model": "shop.productvariation", "pk": 29, "fields": {"unit_price": "270.00", "sale_id": null, "sale_price": null, "sale_from": null, "sale_to": null, "sku": "29", "num_in_stock": null, "product": 9, "default": true, "image": 16, "option1": "Small", "option2": null}}, {"model": "shop.productvariation", "pk": 30, "fields": {"unit_price": "270.00", "sale_id": null, "sale_price": null, "sale_from": null, "sale_to": null, "sku": "30", "num_in_stock": null, "product": 9, "default": false, "image": 16, "option1": "Medium", "option2": null}}, {"model": "shop.productvariation", "pk": 31, "fields": {"unit_price": "270.00", "sale_id": null, "sale_price": null, "sale_from": null, "sale_to": null, "sku": "31", "num_in_stock": null, "product": 9, "default": false, "image": 16, "option1": "Large", "option2": null}}, {"model": "shop.productvariation", "pk": 32, "fields": {"unit_price": "30.00", "sale_id": null, "sale_price": null, "sale_from": null, "sale_to": null, "sku": "32", "num_in_stock": null, "product": 10, "default": true, "image": 18, "option1": "Small", "option2": null}}, {"model": "shop.productvariation", "pk": 33, "fields": {"unit_price": "30.00", "sale_id": null, "sale_price": null, "sale_from": null, "sale_to": null, "sku": "33", "num_in_stock": null, "product": 10, "default": false, "image": 18, "option1": "Medium", "option2": null}}, {"model": "shop.productvariation", "pk": 34, "fields": {"unit_price": "30.00", "sale_id": null, "sale_price": null, "sale_from": null, "sale_to": null, "sku": "34", "num_in_stock": null, "product": 10, "default": false, "image": 18, "option1": "Large", "option2": null}}, {"model": "shop.category", "pk": 7, "fields": {"content": "<p>Shop</p>", "featured_image": null, "sale": null, "price_min": null, "price_max": null, "combined": true, "products": [], "options": []}}, {"model": "shop.category", "pk": 11, "fields": {"content": "<p>BLACK TIE</p>", "featured_image": null, "sale": null, "price_min": null, "price_max": null, "combined": true, "products": [6, 7], "options": []}}, {"model": "shop.category", "pk": 17, "fields": {"content": "<p>CLASSIC SUIT</p>", "featured_image": null, "sale": null, "price_min": null, "price_max": null, "combined": true, "products": [5, 6, 7, 8, 9, 11], "options": []}}, {"model": "shop.category", "pk": 12, "fields": {"content": "<p>SHIRTS</p>", "featured_image": null, "sale": null, "price_min": null, "price_max": null, "combined": true, "products": [10], "options": []}}, {"model": "shop.order", "pk": 1, "fields": {"site": 1, "billing_detail_first_name": "Testy", "billing_detail_last_name": "McTesterten", "billing_detail_street": "Boaty", "billing_detail_city": "McBoatface", "billing_detail_state": "Color", "billing_detail_postcode": "80401", "billing_detail_country": "United States", "billing_detail_phone": "1234567890", "billing_detail_email": "mctesterten@mines.edu", "shipping_detail_first_name": "Ye", "shipping_detail_last_name": "Homie", "shipping_detail_street": "This", "shipping_detail_city": "Is", "shipping_detail_state": "Lit", "shipping_detail_postcode": "69420", "shipping_detail_country": "Murca", "shipping_detail_phone": "1111111111", "additional_instructions": "The cake is a lie", "time": "2016-06-01T16:47:28.956Z", "key": "", "user_id": null, "shipping_type": "Continental", "shipping_total": "420.00", "tax_type": "nah", "tax_total": "0.00", "item_total": "420.00", "discount_code": "nah", "discount_total": "0.00", "total": "420.00", "transaction_id": "", "status": 1}}, {"model": "shop.cart", "pk": 2, "fields": {"last_updated": "2016-06-02T17:35:00.846Z"}}, {"model": "shop.cartitem", "pk": 3, "fields": {"sku": "26", "description": "De Brussel Size: Small", "quantity": 1, "unit_price": "270.00", "total_price": "270.00", "cart": 2, "url": "/shop/product/de-brussel/", "image": "uploads/product/DeBrussel_1.jpg"}}, {"model": "shop.productaction", "pk": 1, "fields": {"product": 5, "timestamp": 736116, "total_cart": 2, "total_purchase": 0}}, {"model": "shop.productaction", "pk": 2, "fields": {"product": 8, "timestamp": 736117, "total_cart": 1, "total_purchase": 0}}, {"model": "shop.sale", "pk": 1, "fields": {"title": "50% off ponies.", "active": true, "discount_deduct": null, "discount_percent": "50.00", "discount_exact": null, "valid_from": null, "valid_to": null, "products": [], "categories": []}}, {"model": "forms.form", "pk": 13, "fields": {"content": "<p>Send us a picture of any suit you want recreated. AirBespoke will send it to the tailor best 'suited' for the job.</p>", "button_text": "", "response": "", "send_email": true, "email_from": "", "email_copies": "", "email_subject": "", "email_message": ""}}, {"model": "forms.form", "pk": 16, "fields": {"content": "<p>Partner with Us!</p>", "button_text": "", "response": "", "send_email": true, "email_from": "", "email_copies": "", "email_subject": "", "email_message": ""}}, {"model": "forms.formentry", "pk": 1, "fields": {"form": 16, "entry_time": "2016-06-02T03:27:13.773Z"}}, {"model": "forms.formentry", "pk": 2, "fields": {"form": 13, "entry_time": "2016-06-02T04:57:33.415Z"}}, {"model": "galleries.gallery", "pk": 15, "fields": {"content": "<p class=\"font_8\"><span><span class=\"color_15\">Fortune Favors the Bold.</span></span></p>\n<p class=\"font_8\"><span><span class=\"color_15\">Dress for the position in life you\u00a0want.\u00a0</span></span></p>\n<p class=\"font_8\"><span><span class=\"color_15\">Not what you have.</span></span></p>", "zip_import": ""}}, {"model": "twitter.query", "pk": 1, "fields": {"type": "search", "value": "from:stephen_mcd mezzanine", "interested": true}}, {"model": "tailors.tailor", "pk": 1, "fields": {"name": "Kyle Thistlewood", "description": "kjdalsdk", "image": "", "height_field": 0, "width_field": 0, "updated": "2016-06-02T20:20:29.724Z", "timestamp": "2016-06-02T20:20:29.724Z"}}, {"model": "tailors.tailor", "pk": 2, "fields": {"name": "Megatran", "description": "First of his name", "image": "", "height_field": 0, "width_field": 0, "updated": "2016-06-03T21:21:05.024Z", "timestamp": "2016-06-03T21:21:05.024Z"}}, {"model": "tailors.inventory", "pk": 1, "fields": {"tailorID": "2", "fabricID": "haha"}}, {"model": "shop_extras.customproduct", "pk": 11, "fields": {"label": "CUSTOM-LABEL", "neck": "12.80", "full_chest": "37.00", "full_shoulder_width": "38.30", "categories": [17], "related_products": [5], "upsell_products": [5]}}, {"model": "auth.permission", "pk": 1, "fields": {"name": "Can add permission", "content_type": 1, "codename": "add_permission"}}, {"model": "auth.permission", "pk": 2, "fields": {"name": "Can change permission", "content_type": 1, "codename": "change_permission"}}, {"model": "auth.permission", "pk": 3, "fields": {"name": "Can delete permission", "content_type": 1, "codename": "delete_permission"}}, {"model": "auth.permission", "pk": 4, "fields": {"name": "Can add group", "content_type": 2, "codename": "add_group"}}, {"model": "auth.permission", "pk": 5, "fields": {"name": "Can change group", "content_type": 2, "codename": "change_group"}}, {"model": "auth.permission", "pk": 6, "fields": {"name": "Can delete group", "content_type": 2, "codename": "delete_group"}}, {"model": "auth.permission", "pk": 7, "fields": {"name": "Can add user", "content_type": 3, "codename": "add_user"}}, {"model": "auth.permission", "pk": 8, "fields": {"name": "Can change user", "content_type": 3, "codename": "change_user"}}, {"model": "auth.permission", "pk": 9, "fields": {"name": "Can delete user", "content_type": 3, "codename": "delete_user"}}, {"model": "auth.permission", "pk": 10, "fields": {"name": "Can add content type", "content_type": 4, "codename": "add_contenttype"}}, {"model": "auth.permission", "pk": 11, "fields": {"name": "Can change content type", "content_type": 4, "codename": "change_contenttype"}}, {"model": "auth.permission", "pk": 12, "fields": {"name": "Can delete content type", "content_type": 4, "codename": "delete_contenttype"}}, {"model": "auth.permission", "pk": 13, "fields": {"name": "Can add redirect", "content_type": 5, "codename": "add_redirect"}}, {"model": "auth.permission", "pk": 14, "fields": {"name": "Can change redirect", "content_type": 5, "codename": "change_redirect"}}, {"model": "auth.permission", "pk": 15, "fields": {"name": "Can delete redirect", "content_type": 5, "codename": "delete_redirect"}}, {"model": "auth.permission", "pk": 16, "fields": {"name": "Can add session", "content_type": 6, "codename": "add_session"}}, {"model": "auth.permission", "pk": 17, "fields": {"name": "Can change session", "content_type": 6, "codename": "change_session"}}, {"model": "auth.permission", "pk": 18, "fields": {"name": "Can delete session", "content_type": 6, "codename": "delete_session"}}, {"model": "auth.permission", "pk": 19, "fields": {"name": "Can add site", "content_type": 7, "codename": "add_site"}}, {"model": "auth.permission", "pk": 20, "fields": {"name": "Can change site", "content_type": 7, "codename": "change_site"}}, {"model": "auth.permission", "pk": 21, "fields": {"name": "Can delete site", "content_type": 7, "codename": "delete_site"}}, {"model": "auth.permission", "pk": 22, "fields": {"name": "Can add Setting", "content_type": 8, "codename": "add_setting"}}, {"model": "auth.permission", "pk": 23, "fields": {"name": "Can change Setting", "content_type": 8, "codename": "change_setting"}}, {"model": "auth.permission", "pk": 24, "fields": {"name": "Can delete Setting", "content_type": 8, "codename": "delete_setting"}}, {"model": "auth.permission", "pk": 25, "fields": {"name": "Can add Site permission", "content_type": 9, "codename": "add_sitepermission"}}, {"model": "auth.permission", "pk": 26, "fields": {"name": "Can change Site permission", "content_type": 9, "codename": "change_sitepermission"}}, {"model": "auth.permission", "pk": 27, "fields": {"name": "Can delete Site permission", "content_type": 9, "codename": "delete_sitepermission"}}, {"model": "auth.permission", "pk": 28, "fields": {"name": "Can add Comment", "content_type": 10, "codename": "add_threadedcomment"}}, {"model": "auth.permission", "pk": 29, "fields": {"name": "Can change Comment", "content_type": 10, "codename": "change_threadedcomment"}}, {"model": "auth.permission", "pk": 30, "fields": {"name": "Can delete Comment", "content_type": 10, "codename": "delete_threadedcomment"}}, {"model": "auth.permission", "pk": 31, "fields": {"name": "Can add Keyword", "content_type": 11, "codename": "add_keyword"}}, {"model": "auth.permission", "pk": 32, "fields": {"name": "Can change Keyword", "content_type": 11, "codename": "change_keyword"}}, {"model": "auth.permission", "pk": 33, "fields": {"name": "Can delete Keyword", "content_type": 11, "codename": "delete_keyword"}}, {"model": "auth.permission", "pk": 34, "fields": {"name": "Can add assigned keyword", "content_type": 12, "codename": "add_assignedkeyword"}}, {"model": "auth.permission", "pk": 35, "fields": {"name": "Can change assigned keyword", "content_type": 12, "codename": "change_assignedkeyword"}}, {"model": "auth.permission", "pk": 36, "fields": {"name": "Can delete assigned keyword", "content_type": 12, "codename": "delete_assignedkeyword"}}, {"model": "auth.permission", "pk": 37, "fields": {"name": "Can add Rating", "content_type": 13, "codename": "add_rating"}}, {"model": "auth.permission", "pk": 38, "fields": {"name": "Can change Rating", "content_type": 13, "codename": "change_rating"}}, {"model": "auth.permission", "pk": 39, "fields": {"name": "Can delete Rating", "content_type": 13, "codename": "delete_rating"}}, {"model": "auth.permission", "pk": 40, "fields": {"name": "Can add Page", "content_type": 14, "codename": "add_page"}}, {"model": "auth.permission", "pk": 41, "fields": {"name": "Can change Page", "content_type": 14, "codename": "change_page"}}, {"model": "auth.permission", "pk": 42, "fields": {"name": "Can delete Page", "content_type": 14, "codename": "delete_page"}}, {"model": "auth.permission", "pk": 43, "fields": {"name": "Can add Rich text page", "content_type": 15, "codename": "add_richtextpage"}}, {"model": "auth.permission", "pk": 44, "fields": {"name": "Can change Rich text page", "content_type": 15, "codename": "change_richtextpage"}}, {"model": "auth.permission", "pk": 45, "fields": {"name": "Can delete Rich text page", "content_type": 15, "codename": "delete_richtextpage"}}, {"model": "auth.permission", "pk": 46, "fields": {"name": "Can add Link", "content_type": 16, "codename": "add_link"}}, {"model": "auth.permission", "pk": 47, "fields": {"name": "Can change Link", "content_type": 16, "codename": "change_link"}}, {"model": "auth.permission", "pk": 48, "fields": {"name": "Can delete Link", "content_type": 16, "codename": "delete_link"}}, {"model": "auth.permission", "pk": 49, "fields": {"name": "Can add Product", "content_type": 17, "codename": "add_product"}}, {"model": "auth.permission", "pk": 50, "fields": {"name": "Can change Product", "content_type": 17, "codename": "change_product"}}, {"model": "auth.permission", "pk": 51, "fields": {"name": "Can delete Product", "content_type": 17, "codename": "delete_product"}}, {"model": "auth.permission", "pk": 52, "fields": {"name": "Can add Image", "content_type": 18, "codename": "add_productimage"}}, {"model": "auth.permission", "pk": 53, "fields": {"name": "Can change Image", "content_type": 18, "codename": "change_productimage"}}, {"model": "auth.permission", "pk": 54, "fields": {"name": "Can delete Image", "content_type": 18, "codename": "delete_productimage"}}, {"model": "auth.permission", "pk": 55, "fields": {"name": "Can add Product option", "content_type": 19, "codename": "add_productoption"}}, {"model": "auth.permission", "pk": 56, "fields": {"name": "Can change Product option", "content_type": 19, "codename": "change_productoption"}}, {"model": "auth.permission", "pk": 57, "fields": {"name": "Can delete Product option", "content_type": 19, "codename": "delete_productoption"}}, {"model": "auth.permission", "pk": 58, "fields": {"name": "Can add product variation", "content_type": 20, "codename": "add_productvariation"}}, {"model": "auth.permission", "pk": 59, "fields": {"name": "Can change product variation", "content_type": 20, "codename": "change_productvariation"}}, {"model": "auth.permission", "pk": 60, "fields": {"name": "Can delete product variation", "content_type": 20, "codename": "delete_productvariation"}}, {"model": "auth.permission", "pk": 61, "fields": {"name": "Can add Product category", "content_type": 21, "codename": "add_category"}}, {"model": "auth.permission", "pk": 62, "fields": {"name": "Can change Product category", "content_type": 21, "codename": "change_category"}}, {"model": "auth.permission", "pk": 63, "fields": {"name": "Can delete Product category", "content_type": 21, "codename": "delete_category"}}, {"model": "auth.permission", "pk": 64, "fields": {"name": "Can add Order", "content_type": 22, "codename": "add_order"}}, {"model": "auth.permission", "pk": 65, "fields": {"name": "Can change Order", "content_type": 22, "codename": "change_order"}}, {"model": "auth.permission", "pk": 66, "fields": {"name": "Can delete Order", "content_type": 22, "codename": "delete_order"}}, {"model": "auth.permission", "pk": 67, "fields": {"name": "Can add cart", "content_type": 23, "codename": "add_cart"}}, {"model": "auth.permission", "pk": 68, "fields": {"name": "Can change cart", "content_type": 23, "codename": "change_cart"}}, {"model": "auth.permission", "pk": 69, "fields": {"name": "Can delete cart", "content_type": 23, "codename": "delete_cart"}}, {"model": "auth.permission", "pk": 70, "fields": {"name": "Can add cart item", "content_type": 24, "codename": "add_cartitem"}}, {"model": "auth.permission", "pk": 71, "fields": {"name": "Can change cart item", "content_type": 24, "codename": "change_cartitem"}}, {"model": "auth.permission", "pk": 72, "fields": {"name": "Can delete cart item", "content_type": 24, "codename": "delete_cartitem"}}, {"model": "auth.permission", "pk": 73, "fields": {"name": "Can add order item", "content_type": 25, "codename": "add_orderitem"}}, {"model": "auth.permission", "pk": 74, "fields": {"name": "Can change order item", "content_type": 25, "codename": "change_orderitem"}}, {"model": "auth.permission", "pk": 75, "fields": {"name": "Can delete order item", "content_type": 25, "codename": "delete_orderitem"}}, {"model": "auth.permission", "pk": 76, "fields": {"name": "Can add product action", "content_type": 26, "codename": "add_productaction"}}, {"model": "auth.permission", "pk": 77, "fields": {"name": "Can change product action", "content_type": 26, "codename": "change_productaction"}}, {"model": "auth.permission", "pk": 78, "fields": {"name": "Can delete product action", "content_type": 26, "codename": "delete_productaction"}}, {"model": "auth.permission", "pk": 79, "fields": {"name": "Can add Sale", "content_type": 27, "codename": "add_sale"}}, {"model": "auth.permission", "pk": 80, "fields": {"name": "Can change Sale", "content_type": 27, "codename": "change_sale"}}, {"model": "auth.permission", "pk": 81, "fields": {"name": "Can delete Sale", "content_type": 27, "codename": "delete_sale"}}, {"model": "auth.permission", "pk": 82, "fields": {"name": "Can add Discount code", "content_type": 28, "codename": "add_discountcode"}}, {"model": "auth.permission", "pk": 83, "fields": {"name": "Can change Discount code", "content_type": 28, "codename": "change_discountcode"}}, {"model": "auth.permission", "pk": 84, "fields": {"name": "Can delete Discount code", "content_type": 28, "codename": "delete_discountcode"}}, {"model": "auth.permission", "pk": 85, "fields": {"name": "Can add Blog post", "content_type": 29, "codename": "add_blogpost"}}, {"model": "auth.permission", "pk": 86, "fields": {"name": "Can change Blog post", "content_type": 29, "codename": "change_blogpost"}}, {"model": "auth.permission", "pk": 87, "fields": {"name": "Can delete Blog post", "content_type": 29, "codename": "delete_blogpost"}}, {"model": "auth.permission", "pk": 88, "fields": {"name": "Can add Blog Category", "content_type": 30, "codename": "add_blogcategory"}}, {"model": "auth.permission", "pk": 89, "fields": {"name": "Can change Blog Category", "content_type": 30, "codename": "change_blogcategory"}}, {"model": "auth.permission", "pk": 90, "fields": {"name": "Can delete Blog Category", "content_type": 30, "codename": "delete_blogcategory"}}, {"model": "auth.permission", "pk": 91, "fields": {"name": "Can add Form", "content_type": 31, "codename": "add_form"}}, {"model": "auth.permission", "pk": 92, "fields": {"name": "Can change Form", "content_type": 31, "codename": "change_form"}}, {"model": "auth.permission", "pk": 93, "fields": {"name": "Can delete Form", "content_type": 31, "codename": "delete_form"}}, {"model": "auth.permission", "pk": 94, "fields": {"name": "Can add Field", "content_type": 32, "codename": "add_field"}}, {"model": "auth.permission", "pk": 95, "fields": {"name": "Can change Field", "content_type": 32, "codename": "change_field"}}, {"model": "auth.permission", "pk": 96, "fields": {"name": "Can delete Field", "content_type": 32, "codename": "delete_field"}}, {"model": "auth.permission", "pk": 97, "fields": {"name": "Can add Form entry", "content_type": 33, "codename": "add_formentry"}}, {"model": "auth.permission", "pk": 98, "fields": {"name": "Can change Form entry", "content_type": 33, "codename": "change_formentry"}}, {"model": "auth.permission", "pk": 99, "fields": {"name": "Can delete Form entry", "content_type": 33, "codename": "delete_formentry"}}, {"model": "auth.permission", "pk": 100, "fields": {"name": "Can add Form field entry", "content_type": 34, "codename": "add_fieldentry"}}, {"model": "auth.permission", "pk": 101, "fields": {"name": "Can change Form field entry", "content_type": 34, "codename": "change_fieldentry"}}, {"model": "auth.permission", "pk": 102, "fields": {"name": "Can delete Form field entry", "content_type": 34, "codename": "delete_fieldentry"}}, {"model": "auth.permission", "pk": 103, "fields": {"name": "Can add Gallery", "content_type": 35, "codename": "add_gallery"}}, {"model": "auth.permission", "pk": 104, "fields": {"name": "Can change Gallery", "content_type": 35, "codename": "change_gallery"}}, {"model": "auth.permission", "pk": 105, "fields": {"name": "Can delete Gallery", "content_type": 35, "codename": "delete_gallery"}}, {"model": "auth.permission", "pk": 106, "fields": {"name": "Can add Image", "content_type": 36, "codename": "add_galleryimage"}}, {"model": "auth.permission", "pk": 107, "fields": {"name": "Can change Image", "content_type": 36, "codename": "change_galleryimage"}}, {"model": "auth.permission", "pk": 108, "fields": {"name": "Can delete Image", "content_type": 36, "codename": "delete_galleryimage"}}, {"model": "auth.permission", "pk": 109, "fields": {"name": "Can add Twitter query", "content_type": 37, "codename": "add_query"}}, {"model": "auth.permission", "pk": 110, "fields": {"name": "Can change Twitter query", "content_type": 37, "codename": "change_query"}}, {"model": "auth.permission", "pk": 111, "fields": {"name": "Can delete Twitter query", "content_type": 37, "codename": "delete_query"}}, {"model": "auth.permission", "pk": 112, "fields": {"name": "Can add Tweet", "content_type": 38, "codename": "add_tweet"}}, {"model": "auth.permission", "pk": 113, "fields": {"name": "Can change Tweet", "content_type": 38, "codename": "change_tweet"}}, {"model": "auth.permission", "pk": 114, "fields": {"name": "Can delete Tweet", "content_type": 38, "codename": "delete_tweet"}}, {"model": "auth.permission", "pk": 115, "fields": {"name": "Can add log entry", "content_type": 39, "codename": "add_logentry"}}, {"model": "auth.permission", "pk": 116, "fields": {"name": "Can change log entry", "content_type": 39, "codename": "change_logentry"}}, {"model": "auth.permission", "pk": 117, "fields": {"name": "Can delete log entry", "content_type": 39, "codename": "delete_logentry"}}, {"model": "auth.permission", "pk": 118, "fields": {"name": "Can add comment", "content_type": 40, "codename": "add_comment"}}, {"model": "auth.permission", "pk": 119, "fields": {"name": "Can change comment", "content_type": 40, "codename": "change_comment"}}, {"model": "auth.permission", "pk": 120, "fields": {"name": "Can delete comment", "content_type": 40, "codename": "delete_comment"}}, {"model": "auth.permission", "pk": 121, "fields": {"name": "Can moderate comments", "content_type": 40, "codename": "can_moderate"}}, {"model": "auth.permission", "pk": 122, "fields": {"name": "Can add comment flag", "content_type": 41, "codename": "add_commentflag"}}, {"model": "auth.permission", "pk": 123, "fields": {"name": "Can change comment flag", "content_type": 41, "codename": "change_commentflag"}}, {"model": "auth.permission", "pk": 124, "fields": {"name": "Can delete comment flag", "content_type": 41, "codename": "delete_commentflag"}}, {"model": "auth.permission", "pk": 125, "fields": {"name": "Can add tailor", "content_type": 42, "codename": "add_tailor"}}, {"model": "auth.permission", "pk": 126, "fields": {"name": "Can change tailor", "content_type": 42, "codename": "change_tailor"}}, {"model": "auth.permission", "pk": 127, "fields": {"name": "Can delete tailor", "content_type": 42, "codename": "delete_tailor"}}, {"model": "auth.permission", "pk": 131, "fields": {"name": "Can add inventory", "content_type": 44, "codename": "add_inventory"}}, {"model": "auth.permission", "pk": 132, "fields": {"name": "Can change inventory", "content_type": 44, "codename": "change_inventory"}}, {"model": "auth.permission", "pk": 133, "fields": {"name": "Can delete inventory", "content_type": 44, "codename": "delete_inventory"}}, {"model": "auth.permission", "pk": 134, "fields": {"name": "Can add fabric", "content_type": 45, "codename": "add_fabric"}}, {"model": "auth.permission", "pk": 135, "fields": {"name": "Can change fabric", "content_type": 45, "codename": "change_fabric"}}, {"model": "auth.permission", "pk": 136, "fields": {"name": "Can delete fabric", "content_type": 45, "codename": "delete_fabric"}}, {"model": "auth.permission", "pk": 140, "fields": {"name": "Can add custom product", "content_type": 47, "codename": "add_customproduct"}}, {"model": "auth.permission", "pk": 141, "fields": {"name": "Can change custom product", "content_type": 47, "codename": "change_customproduct"}}, {"model": "auth.permission", "pk": 142, "fields": {"name": "Can delete custom product", "content_type": 47, "codename": "delete_customproduct"}}, {"model": "auth.user", "pk": 1, "fields": {"password": "pbkdf2_sha256$24000$ozTk2IWZbwYE$tm7Ersf/RjNuZrVEMuq4R3bbH9SiFTfJ3ZXsmzuYtIs=", "last_login": null, "is_superuser": true, "username": "admin", "first_name": "", "last_name": "", "email": "example@example.com", "is_staff": true, "is_active": true, "date_joined": "2016-05-31T20:11:25.124Z", "groups": [], "user_permissions": []}}, {"model": "auth.user", "pk": 2, "fields": {"password": "pbkdf2_sha256$24000$uMynHWjU3ybN$EXVFHavjmxBxpDPrq2EBsAvon7q3jzo5zLoZLoJduPo=", "last_login": "2016-06-06T17:21:48.151Z", "is_superuser": true, "username": "kylet", "first_name": "", "last_name": "", "email": "kthistlewood@gmail.com", "is_staff": true, "is_active": true, "date_joined": "2016-06-01T15:55:45.347Z", "groups": [], "user_permissions": []}}, {"model": "auth.user", "pk": 3, "fields": {"password": "pbkdf2_sha256$24000$GPcwRCFvdAzA$QXKUjXLr4WAMxcg17qodFHzR3GjKna9aaAag2U62UMA=", "last_login": "2016-06-03T00:45:16.697Z", "is_superuser": true, "username": "kylen", "first_name": "", "last_name": "", "email": "kylen@airbespoke.com", "is_staff": true, "is_active": true, "date_joined": "2016-06-01T15:56:11.799Z", "groups": [], "user_permissions": []}}, {"model": "auth.user", "pk": 4, "fields": {"password": "pbkdf2_sha256$24000$25vCO0Peh5Jc$8HtOyFBx943TptS+OV3CIcLfcVImVP+cC6zOUv6nfyI=", "last_login": "2016-06-06T18:03:40.237Z", "is_superuser": true, "username": "megatran", "first_name": "", "last_name": "", "email": "nhantrantnt@gmail.com", "is_staff": true, "is_active": true, "date_joined": "2016-06-01T17:55:08Z", "groups": [], "user_permissions": []}}, {"model": "admin.logentry", "pk": 1, "fields": {"action_time": "2016-06-01T16:47:28.959Z", "user": 3, "content_type": 22, "object_id": "1", "object_repr": "#1 Testy McTesterten 2016-06-01 16:47:28.956704+00:00", "action_flag": 1, "change_message": "Added."}}, {"model": "admin.logentry", "pk": 2, "fields": {"action_time": "2016-06-01T17:39:16.391Z", "user": 3, "content_type": 14, "object_id": "1", "object_repr": "Blog", "action_flag": 3, "change_message": ""}}, {"model": "admin.logentry", "pk": 3, "fields": {"action_time": "2016-06-01T17:40:33.901Z", "user": 3, "content_type": 35, "object_id": "8", "object_repr": "SUIT UP!", "action_flag": 2, "change_message": "Changed title, content and keywords. Changed file for Image \"Amsterdam  Holland\". Changed file for Image \"Asturias  Brazil\". Changed file for Image \"Athens  Greece\". Changed file for Image \"Austin  USA\". Changed file for Image \"A\u011a\u0081vila  Spain\". Changed file for Image \"Bangkok  Thailand\". Changed file for Image \"Berlin  Germany\". Changed file for Image \"Boston  USA\". Changed file for Image \"Brisbane  Australia\". Changed file for Image \"Bruxelles  Belgium\". Changed file for Image \"Buenos Aires  Argentina\". Changed file for Image \"Cairo  Egypt\". Changed file for Image \"Chicage  USA\". Changed file for Image \"City Of Singapore  Singapore\". Changed file for Image \"Dallas  USA\". Changed file for Image \"Denver  USA\". Changed file for Image \"Dublin  Ireland\". Changed file for Image \"Du\u011a\u0088sseldorf  Germany\". Changed file for Image \"Frankfurt  Germany\". Changed file for Image \"Geneva  Switzerland\". Changed file for Image \"Inverness  Scotland\". Changed file for Image \"Lisbon  Portugal\". Changed file for Image \"Liverpool  England\". Changed file for Image \"London  England\". Changed file for Image \"Long Beach  USA\". Changed file for Image \"Louisville  USA\". Changed file for Image \"Marrakech  Morocco\". Changed file for Image \"Miami  USA\". Changed file for Image \"Monaco  Monaco\". Changed file for Image \"Moscow  Russia\". Changed file for Image \"Naples  Italy\". Changed file for Image \"Palermo  Italy\". Changed file for Image \"Paris  France\". Changed file for Image \"Reykjavik  Iceland\". Changed file for Image \"Rome  Italy\". Changed file for Image \"San Francisco  USA\". Changed file for Image \"Santiago  Chile\". Changed file for Image \"Seattle  USA\". Changed file for Image \"Stockholm  Sweden\". Changed file for Image \"Sydney  Australia\". Changed file for Image \"Tempe Town Lake  USA\". Changed file for Image \"Tokyo  Japan\". Changed file for Image \"Toronto  Canada\". Changed file for Image \"Vancouver  Canada\". Changed file for Image \"Venice  Italy\". Changed file for Image \"Vienna  Austria\". Changed file for Image \"Warsaw  Poland\". Changed file for Image \"Yokohama  Japan\". Changed file for Image \"York  England\"."}}, {"model": "admin.logentry", "pk": 4, "fields": {"action_time": "2016-06-01T17:43:25.580Z", "user": 3, "content_type": 15, "object_id": "9", "object_repr": "TAILORS", "action_flag": 1, "change_message": "Added."}}, {"model": "admin.logentry", "pk": 5, "fields": {"action_time": "2016-06-01T17:44:44.341Z", "user": 3, "content_type": 14, "object_id": "8", "object_repr": "SUIT UP!", "action_flag": 3, "change_message": ""}}, {"model": "admin.logentry", "pk": 6, "fields": {"action_time": "2016-06-01T17:44:56.369Z", "user": 3, "content_type": 21, "object_id": "7", "object_repr": "SUIT UP!", "action_flag": 2, "change_message": "Changed title and keywords."}}, {"model": "admin.logentry", "pk": 7, "fields": {"action_time": "2016-06-01T17:53:08.775Z", "user": 3, "content_type": 21, "object_id": "10", "object_repr": "SUIT UP! / CLASSIC SUIT", "action_flag": 1, "change_message": "Added."}}, {"model": "admin.logentry", "pk": 8, "fields": {"action_time": "2016-06-01T17:53:35.861Z", "user": 3, "content_type": 21, "object_id": "11", "object_repr": "SUIT UP! / BLACK TIE", "action_flag": 1, "change_message": "Added."}}, {"model": "admin.logentry", "pk": 9, "fields": {"action_time": "2016-06-01T17:54:37.292Z", "user": 3, "content_type": 21, "object_id": "12", "object_repr": "SUIT UP! / SHIRTS", "action_flag": 1, "change_message": "Added."}}, {"model": "admin.logentry", "pk": 10, "fields": {"action_time": "2016-06-01T17:55:08.952Z", "user": 3, "content_type": 3, "object_id": "4", "object_repr": "megatran", "action_flag": 1, "change_message": "Added."}}, {"model": "admin.logentry", "pk": 11, "fields": {"action_time": "2016-06-01T17:58:29.101Z", "user": 3, "content_type": 31, "object_id": "13", "object_repr": "SUIT UP! / UPLOAD SUIT IMAGE", "action_flag": 1, "change_message": "Added."}}, {"model": "admin.logentry", "pk": 12, "fields": {"action_time": "2016-06-01T17:59:32.562Z", "user": 3, "content_type": 16, "object_id": "14", "object_repr": "SUIT UP! / SIZING", "action_flag": 1, "change_message": "Added."}}, {"model": "admin.logentry", "pk": 13, "fields": {"action_time": "2016-06-01T18:06:18.080Z", "user": 3, "content_type": 14, "object_id": "3", "object_repr": "Contact", "action_flag": 3, "change_message": ""}}, {"model": "admin.logentry", "pk": 14, "fields": {"action_time": "2016-06-01T18:10:13.039Z", "user": 3, "content_type": 15, "object_id": "2", "object_repr": "About", "action_flag": 2, "change_message": "Changed status and keywords."}}, {"model": "admin.logentry", "pk": 15, "fields": {"action_time": "2016-06-01T18:10:31.480Z", "user": 3, "content_type": 15, "object_id": "2", "object_repr": "About", "action_flag": 2, "change_message": "Changed in_menus and keywords."}}, {"model": "admin.logentry", "pk": 16, "fields": {"action_time": "2016-06-01T18:11:00.719Z", "user": 3, "content_type": 35, "object_id": "15", "object_repr": "STYLE", "action_flag": 1, "change_message": "Added."}}, {"model": "admin.logentry", "pk": 17, "fields": {"action_time": "2016-06-01T18:14:21.303Z", "user": 3, "content_type": 31, "object_id": "16", "object_repr": "TAILORS / Partner With Us!", "action_flag": 1, "change_message": "Added."}}, {"model": "admin.logentry", "pk": 18, "fields": {"action_time": "2016-06-01T19:54:36.158Z", "user": 2, "content_type": 17, "object_id": "2", "object_repr": "demo", "action_flag": 1, "change_message": "Added. Added Image \"uploads/product/broad_and_wall.jpg\"."}}, {"model": "admin.logentry", "pk": 19, "fields": {"action_time": "2016-06-01T19:54:48.646Z", "user": 2, "content_type": 21, "object_id": "10", "object_repr": "SUIT UP! / CLASSIC SUIT", "action_flag": 2, "change_message": "Changed keywords."}}, {"model": "admin.logentry", "pk": 20, "fields": {"action_time": "2016-06-02T01:56:30.317Z", "user": 2, "content_type": 21, "object_id": "10", "object_repr": "SUIT UP! / CLASSIC SUIT", "action_flag": 3, "change_message": ""}}, {"model": "admin.logentry", "pk": 21, "fields": {"action_time": "2016-06-02T01:56:53.067Z", "user": 2, "content_type": 21, "object_id": "17", "object_repr": "SUIT UP! / CLASSIC SUIT", "action_flag": 1, "change_message": "Added."}}, {"model": "admin.logentry", "pk": 22, "fields": {"action_time": "2016-06-02T03:06:38.358Z", "user": 2, "content_type": 17, "object_id": "3", "object_repr": "The Hollywood", "action_flag": 1, "change_message": "Added. Added Image \"uploads/productsuit imagesclassic\the hollywood/1.jpg\"."}}, {"model": "admin.logentry", "pk": 23, "fields": {"action_time": "2016-06-02T03:07:00.161Z", "user": 2, "content_type": 21, "object_id": "17", "object_repr": "SUIT UP! / CLASSIC SUIT", "action_flag": 2, "change_message": "Changed products and keywords."}}, {"model": "admin.logentry", "pk": 24, "fields": {"action_time": "2016-06-02T03:07:51.576Z", "user": 2, "content_type": 17, "object_id": "3", "object_repr": "The Hollywood", "action_flag": 2, "change_message": "Changed content and keywords. Changed file for Image \"uploads/productsuit imagesclassic\the hollywood/1.jpg\"."}}, {"model": "admin.logentry", "pk": 25, "fields": {"action_time": "2016-06-02T03:10:57.931Z", "user": 2, "content_type": 17, "object_id": "4", "object_repr": "The Classic", "action_flag": 1, "change_message": "Added. Added Image \"uploads/productsuit imagesclassic\the classic/1.jpg\"."}}, {"model": "admin.logentry", "pk": 26, "fields": {"action_time": "2016-06-02T03:12:04.293Z", "user": 2, "content_type": 17, "object_id": "3", "object_repr": "The Hollywood", "action_flag": 2, "change_message": "Changed available."}}, {"model": "admin.logentry", "pk": 27, "fields": {"action_time": "2016-06-02T03:13:56.301Z", "user": 2, "content_type": 17, "object_id": "5", "object_repr": "Le Paris", "action_flag": 1, "change_message": "Added. Added Image \"uploads/product/1.jpg\"."}}, {"model": "admin.logentry", "pk": 28, "fields": {"action_time": "2016-06-02T03:14:01.232Z", "user": 2, "content_type": 21, "object_id": "17", "object_repr": "SUIT UP! / CLASSIC SUIT", "action_flag": 2, "change_message": "Changed products and keywords."}}, {"model": "admin.logentry", "pk": 29, "fields": {"action_time": "2016-06-02T03:14:37.613Z", "user": 2, "content_type": 21, "object_id": "17", "object_repr": "SUIT UP! / CLASSIC SUIT", "action_flag": 2, "change_message": "Changed products and keywords."}}, {"model": "admin.logentry", "pk": 30, "fields": {"action_time": "2016-06-02T03:15:52.384Z", "user": 2, "content_type": 17, "object_id": "4", "object_repr": "The Classic", "action_flag": 3, "change_message": ""}}, {"model": "admin.logentry", "pk": 31, "fields": {"action_time": "2016-06-02T03:15:52.417Z", "user": 2, "content_type": 17, "object_id": "3", "object_repr": "The Hollywood", "action_flag": 3, "change_message": ""}}, {"model": "admin.logentry", "pk": 32, "fields": {"action_time": "2016-06-02T03:15:52.443Z", "user": 2, "content_type": 17, "object_id": "2", "object_repr": "demo", "action_flag": 3, "change_message": ""}}, {"model": "admin.logentry", "pk": 33, "fields": {"action_time": "2016-06-02T03:15:52.456Z", "user": 2, "content_type": 17, "object_id": "1", "object_repr": "Django Pony", "action_flag": 3, "change_message": ""}}, {"model": "admin.logentry", "pk": 34, "fields": {"action_time": "2016-06-02T03:17:26.194Z", "user": 2, "content_type": 17, "object_id": "5", "object_repr": "Le Paris", "action_flag": 2, "change_message": "Changed content, option1 and keywords. Changed file for Image \"uploads/product/1.jpg\". Changed num_in_stock, unit_price and sale_price for product variation \"Le Paris\"."}}, {"model": "admin.logentry", "pk": 35, "fields": {"action_time": "2016-06-02T03:18:19.539Z", "user": 2, "content_type": 17, "object_id": "5", "object_repr": "Le Paris", "action_flag": 2, "change_message": "Changed content and keywords. Added Image \"uploads/product/2.jpg\". Changed file for Image \"uploads/product/1.jpg\"."}}, {"model": "admin.logentry", "pk": 36, "fields": {"action_time": "2016-06-02T03:18:34.407Z", "user": 2, "content_type": 17, "object_id": "5", "object_repr": "Le Paris", "action_flag": 2, "change_message": "Changed content, option1 and keywords. Changed file for Image \"uploads/product/1.jpg\". Changed file for Image \"uploads/product/2.jpg\"."}}, {"model": "admin.logentry", "pk": 37, "fields": {"action_time": "2016-06-02T03:19:52.337Z", "user": 2, "content_type": 17, "object_id": "5", "object_repr": "Le Paris", "action_flag": 2, "change_message": "Changed content and keywords. Changed file for Image \"uploads/product/1.jpg\". Changed file for Image \"uploads/product/2.jpg\". Changed unit_price, sale_price and sale_from for product variation \"Le Paris Size: Small\". Changed unit_price, sale_price and sale_from for product variation \"Le Paris Size: Medium\". Changed unit_price, sale_price and sale_from for product variation \"Le Paris Size: Large\"."}}, {"model": "admin.logentry", "pk": 38, "fields": {"action_time": "2016-06-02T03:21:37.784Z", "user": 2, "content_type": 17, "object_id": "5", "object_repr": "Le Paris", "action_flag": 2, "change_message": "Changed content and keywords. Changed file for Image \"uploads/product/1.jpg\". Changed file for Image \"uploads/product/2.jpg\". Changed num_in_stock, unit_price and sale_price for product variation \"Le Paris Size: Small\". Changed unit_price and sale_price for product variation \"Le Paris Size: Medium\". Changed unit_price and sale_price for product variation \"Le Paris Size: Large\"."}}, {"model": "admin.logentry", "pk": 39, "fields": {"action_time": "2016-06-02T04:05:37.127Z", "user": 2, "content_type": 17, "object_id": "6", "object_repr": "The Classic", "action_flag": 1, "change_message": "Added. Added Image \"uploads/product/classic_1.jpg\". Added Image \"uploads/product/classic_2.jpg\"."}}, {"model": "admin.logentry", "pk": 40, "fields": {"action_time": "2016-06-02T04:07:01.323Z", "user": 2, "content_type": 17, "object_id": "5", "object_repr": "Le Paris", "action_flag": 2, "change_message": "Changed content and keywords. Changed file for Image \"uploads/product/LeParis_1.jpg\". Changed file for Image \"uploads/product/LeParis_2.jpg\"."}}, {"model": "admin.logentry", "pk": 41, "fields": {"action_time": "2016-06-02T04:07:38.407Z", "user": 2, "content_type": 17, "object_id": "6", "object_repr": "The Classic", "action_flag": 2, "change_message": "Changed keywords. Changed file for Image \"uploads/product/classic_1.jpg\". Changed file for Image \"uploads/product/classic_2.jpg\". Changed num_in_stock and unit_price for product variation \"The Classic Size: Small\". Changed unit_price for product variation \"The Classic Size: Medium\". Changed unit_price for product variation \"The Classic Size: Large\"."}}, {"model": "admin.logentry", "pk": 42, "fields": {"action_time": "2016-06-02T04:23:22.675Z", "user": 2, "content_type": 17, "object_id": "7", "object_repr": "Al Casablanca", "action_flag": 1, "change_message": "Added. Added Image \"uploads/product/AlCasablanca_1.jpg\". Added Image \"uploads/product/AlCasablanca_2.jpg\"."}}, {"model": "admin.logentry", "pk": 43, "fields": {"action_time": "2016-06-02T04:23:53.534Z", "user": 2, "content_type": 17, "object_id": "7", "object_repr": "Al Casablanca", "action_flag": 2, "change_message": "Changed keywords. Changed file for Image \"uploads/product/AlCasablanca_1.jpg\". Changed file for Image \"uploads/product/AlCasablanca_2.jpg\". Changed unit_price for product variation \"Al Casablanca Size: Small\". Changed unit_price for product variation \"Al Casablanca Size: Medium\". Changed unit_price for product variation \"Al Casablanca Size: Large\"."}}, {"model": "admin.logentry", "pk": 44, "fields": {"action_time": "2016-06-02T04:26:18.712Z", "user": 2, "content_type": 17, "object_id": "8", "object_repr": "De Brussel", "action_flag": 1, "change_message": "Added. Added Image \"uploads/product/DeBrussel_1.jpg\". Added Image \"uploads/product/DeBrussel_2.jpg\"."}}, {"model": "admin.logentry", "pk": 45, "fields": {"action_time": "2016-06-02T04:26:26.518Z", "user": 2, "content_type": 17, "object_id": "8", "object_repr": "De Brussel", "action_flag": 2, "change_message": "Changed available."}}, {"model": "admin.logentry", "pk": 46, "fields": {"action_time": "2016-06-02T04:27:00.666Z", "user": 2, "content_type": 17, "object_id": "8", "object_repr": "De Brussel", "action_flag": 2, "change_message": "Changed categories and keywords. Changed file for Image \"uploads/product/DeBrussel_1.jpg\". Changed file for Image \"uploads/product/DeBrussel_2.jpg\". Changed unit_price for product variation \"De Brussel Size: Small\". Changed unit_price for product variation \"De Brussel Size: Medium\". Changed unit_price for product variation \"De Brussel Size: Large\"."}}, {"model": "admin.logentry", "pk": 47, "fields": {"action_time": "2016-06-02T04:28:57.338Z", "user": 2, "content_type": 17, "object_id": "8", "object_repr": "De Brussel", "action_flag": 2, "change_message": "Changed content and keywords. Changed file for Image \"uploads/product/DeBrussel_1.jpg\". Changed file for Image \"uploads/product/DeBrussel_2.jpg\"."}}, {"model": "admin.logentry", "pk": 48, "fields": {"action_time": "2016-06-02T04:29:19.015Z", "user": 2, "content_type": 17, "object_id": "7", "object_repr": "Al Casablanca", "action_flag": 2, "change_message": "Changed content and keywords. Changed file for Image \"uploads/product/AlCasablanca_1.jpg\". Changed file for Image \"uploads/product/AlCasablanca_2.jpg\"."}}, {"model": "admin.logentry", "pk": 49, "fields": {"action_time": "2016-06-02T04:29:35.246Z", "user": 2, "content_type": 17, "object_id": "6", "object_repr": "The Classic", "action_flag": 2, "change_message": "Changed content and keywords. Changed file for Image \"uploads/product/classic_1.jpg\". Changed file for Image \"uploads/product/classic_2.jpg\"."}}, {"model": "admin.logentry", "pk": 50, "fields": {"action_time": "2016-06-02T04:29:47.933Z", "user": 2, "content_type": 17, "object_id": "5", "object_repr": "Le Paris", "action_flag": 2, "change_message": "Changed content and keywords. Changed file for Image \"uploads/product/LeParis_1.jpg\". Changed file for Image \"uploads/product/LeParis_2.jpg\"."}}, {"model": "admin.logentry", "pk": 51, "fields": {"action_time": "2016-06-02T04:31:19.159Z", "user": 2, "content_type": 17, "object_id": "5", "object_repr": "Le Paris", "action_flag": 2, "change_message": "Changed content and keywords. Changed file for Image \"uploads/product/LeParis_1.jpg\". Changed file for Image \"uploads/product/LeParis_2.jpg\"."}}, {"model": "admin.logentry", "pk": 52, "fields": {"action_time": "2016-06-02T04:33:08.316Z", "user": 2, "content_type": 17, "object_id": "9", "object_repr": "De Coppenhagen", "action_flag": 1, "change_message": "Added. Added Image \"uploads/product/DeCoppenhagen_1.jpg\". Added Image \"uploads/product/DeCoppenhagen_2.jpg\"."}}, {"model": "admin.logentry", "pk": 53, "fields": {"action_time": "2016-06-02T04:34:44.898Z", "user": 2, "content_type": 17, "object_id": "9", "object_repr": "De Coppenhagen", "action_flag": 2, "change_message": "Changed content and keywords. Changed file for Image \"uploads/product/DeCoppenhagen_1.jpg\". Changed file for Image \"uploads/product/DeCoppenhagen_2.jpg\". Changed unit_price for product variation \"De Coppenhagen Size: Small\". Changed unit_price for product variation \"De Coppenhagen Size: Medium\". Changed unit_price for product variation \"De Coppenhagen Size: Large\"."}}, {"model": "admin.logentry", "pk": 54, "fields": {"action_time": "2016-06-02T04:55:26.543Z", "user": 2, "content_type": 17, "object_id": "6", "object_repr": "The Classic", "action_flag": 2, "change_message": "Changed categories and keywords. Changed file for Image \"uploads/product/classic_1.jpg\". Changed file for Image \"uploads/product/classic_2.jpg\"."}}, {"model": "admin.logentry", "pk": 55, "fields": {"action_time": "2016-06-02T04:55:35.513Z", "user": 2, "content_type": 17, "object_id": "7", "object_repr": "Al Casablanca", "action_flag": 2, "change_message": "Changed categories and keywords. Changed file for Image \"uploads/product/AlCasablanca_1.jpg\". Changed file for Image \"uploads/product/AlCasablanca_2.jpg\"."}}, {"model": "admin.logentry", "pk": 56, "fields": {"action_time": "2016-06-02T04:56:56.880Z", "user": 2, "content_type": 17, "object_id": "10", "object_repr": "Classic White", "action_flag": 1, "change_message": "Added. Added Image \"uploads/product/Classic White.jpg\"."}}, {"model": "admin.logentry", "pk": 57, "fields": {"action_time": "2016-06-02T04:57:12.906Z", "user": 2, "content_type": 17, "object_id": "10", "object_repr": "Classic White", "action_flag": 2, "change_message": "Changed content, categories and keywords. Changed file for Image \"uploads/product/Classic White.jpg\". Changed unit_price for product variation \"Classic White Size: Small\". Changed unit_price for product variation \"Classic White Size: Medium\". Changed unit_price for product variation \"Classic White Size: Large\"."}}, {"model": "admin.logentry", "pk": 58, "fields": {"action_time": "2016-06-03T00:42:31.343Z", "user": 3, "content_type": 3, "object_id": "4", "object_repr": "megatran", "action_flag": 2, "change_message": "Changed is_active and is_superuser."}}, {"model": "admin.logentry", "pk": 59, "fields": {"action_time": "2016-06-03T00:42:43.812Z", "user": 3, "content_type": 3, "object_id": "4", "object_repr": "megatran", "action_flag": 2, "change_message": "Changed is_staff."}}, {"model": "admin.logentry", "pk": 60, "fields": {"action_time": "2016-06-03T00:44:25.146Z", "user": 3, "content_type": 3, "object_id": "4", "object_repr": "megatran", "action_flag": 2, "change_message": "Changed password."}}, {"model": "admin.logentry", "pk": 61, "fields": {"action_time": "2016-06-03T00:45:39.049Z", "user": 3, "content_type": 3, "object_id": "4", "object_repr": "megatran", "action_flag": 2, "change_message": "Changed email and is_active."}}, {"model": "admin.logentry", "pk": 62, "fields": {"action_time": "2016-06-06T18:04:49.817Z", "user": 4, "content_type": 47, "object_id": "11", "object_repr": "Custom1", "action_flag": 1, "change_message": "Added."}}, {"model": "admin.logentry", "pk": 63, "fields": {"action_time": "2016-06-06T18:05:57.176Z", "user": 4, "content_type": 47, "object_id": "11", "object_repr": "Custom1", "action_flag": 2, "change_message": "Changed keywords and label."}}, {"model": "admin.logentry", "pk": 64, "fields": {"action_time": "2016-06-06T18:18:02.478Z", "user": 4, "content_type": 47, "object_id": "11", "object_repr": "Custom1", "action_flag": 2, "change_message": "Changed keywords and available."}}, {"model": "admin.logentry", "pk": 65, "fields": {"action_time": "2016-06-06T18:29:32.510Z", "user": 4, "content_type": 47, "object_id": "11", "object_repr": "Custom1", "action_flag": 2, "change_message": "Changed keywords and label."}}]